{
  "test_accuracy": 0.9896,
  "cv_accuracy_mean": 0.9933,
  "cv_accuracy_std": 0.0015,
  "classification_report": {
    "Apply Pesticide": {
      "precision": 0.9984326018808778,
      "recall": 0.9953125,
      "f1-score": 0.9968701095461658,
      "support": 640.0
    },
    "Fertilize": {
      "precision": 0.9922118380062306,
      "recall": 0.9953125,
      "f1-score": 0.9937597503900156,
      "support": 640.0
    },
    "Harvest": {
      "precision": 0.9952978056426333,
      "recall": 0.9921875,
      "f1-score": 0.9937402190923318,
      "support": 640.0
    },
    "Irrigate": {
      "precision": 1.0,
      "recall": 1.0,
      "f1-score": 1.0,
      "support": 640.0
    },
    "Monitor": {
      "precision": 0.9809825673534073,
      "recall": 0.9671875,
      "f1-score": 0.9740361919748229,
      "support": 640.0
    },
    "Optimal": {
      "precision": 0.9708141321044547,
      "recall": 0.9875,
      "f1-score": 0.9790859798605732,
      "support": 640.0
    },
    "accuracy": 0.9895833333333334,
    "macro avg": {
      "precision": 0.9896231574979338,
      "recall": 0.9895833333333334,
      "f1-score": 0.9895820418106517,
      "support": 3840.0
    },
    "weighted avg": {
      "precision": 0.989623157497934,
      "recall": 0.9895833333333334,
      "f1-score": 0.9895820418106515,
      "support": 3840.0
    }
  },
  "feature_importance": {
    "soil_moisture": 0.2222,
    "temperature": 0.179,
    "humidity": 0.2505,
    "nitrogen": 0.1622,
    "phosphorus": 0.1192,
    "potassium": 0.0417,
    "ph": 0.0252
  },
  "classes": [
    "Apply Pesticide",
    "Fertilize",
    "Harvest",
    "Irrigate",
    "Monitor",
    "Optimal"
  ]
}